what,kind,bundleId,bundleVersion,description,time
activated,perspective,org.eclipse.jst.j2ee.ui,,"org.eclipse.jst.j2ee.J2EEPerspective",1301251638855
started,bundle,org.eclipse.osgi,3.6.1.R36x_v20100806,"org.eclipse.osgi",1301251638857
started,bundle,org.eclipse.equinox.simpleconfigurator,1.0.200.v20100503,"org.eclipse.equinox.simpleconfigurator",1301251638858
started,bundle,com.ibm.icu,4.2.1.v20100412,"com.ibm.icu",1301251638859
started,bundle,oracle.eclipse.tools.common,3.1.1.201010012100,"oracle.eclipse.tools.common",1301251638860
started,bundle,oracle.eclipse.tools.common.ui,3.1.1.201010012100,"oracle.eclipse.tools.common.ui",1301251638861
started,bundle,oracle.eclipse.tools.common.upgrade,3.1.1.201010012100,"oracle.eclipse.tools.common.upgrade",1301251638861
started,bundle,oracle.eclipse.tools.envcheck,3.1.1.201010012100,"oracle.eclipse.tools.envcheck",1301251638862
started,bundle,oracle.eclipse.tools.sapphire.modeling,3.1.1.201010012100,"oracle.eclipse.tools.sapphire.modeling",1301251638862
started,bundle,oracle.eclipse.tools.weblogic,3.1.0.201007221419,"oracle.eclipse.tools.weblogic",1301251638862
started,bundle,oracle.eclipse.tools.weblogic.ui,3.1.0.201007221419,"oracle.eclipse.tools.weblogic.ui",1301251638862
started,bundle,oracle.eclipse.tools.xmlbeans,3.1.0.201007221419,"oracle.eclipse.tools.xmlbeans",1301251638862
started,bundle,org.eclipse.core.contenttype,3.4.100.v20100505-1235,"org.eclipse.core.contenttype",1301251638862
started,bundle,org.eclipse.core.databinding.observable,1.3.0.I20100601-0800,"org.eclipse.core.databinding.observable",1301251638863
started,bundle,org.eclipse.core.expressions,3.4.200.v20100505,"org.eclipse.core.expressions",1301251638863
started,bundle,org.eclipse.core.filebuffers,3.5.100.v20100520-0800,"org.eclipse.core.filebuffers",1301251638864
started,bundle,org.eclipse.core.filesystem,1.3.1.R36x_v20100727-0745,"org.eclipse.core.filesystem",1301251638864
started,bundle,org.eclipse.core.jobs,3.5.1.R36x_v20100824-p001,"org.eclipse.core.jobs",1301251638865
started,bundle,org.eclipse.core.net,1.2.100.I20100511-0800,"org.eclipse.core.net",1301251638865
started,bundle,org.eclipse.core.resources,3.6.0.R36x_v20100825-0600,"org.eclipse.core.resources",1301251638866
started,bundle,org.eclipse.core.runtime,3.6.0.v20100505,"org.eclipse.core.runtime",1301251638866
started,bundle,org.eclipse.core.runtime.compatibility,3.2.100.v20100505,"org.eclipse.core.runtime.compatibility",1301251638867
started,bundle,org.eclipse.core.runtime.compatibility.auth,3.2.200.v20100517,"org.eclipse.core.runtime.compatibility.auth",1301251638867
started,bundle,org.eclipse.debug.core,3.6.0.v20100519,"org.eclipse.debug.core",1301251638867
started,bundle,org.eclipse.debug.ui,3.6.1.v20100901_r361,"org.eclipse.debug.ui",1301251638868
started,bundle,org.eclipse.emf.common,2.6.0.v20100914-1218,"org.eclipse.emf.common",1301251638868
started,bundle,org.eclipse.emf.common.ui,2.6.0.v20100914-1218,"org.eclipse.emf.common.ui",1301251638868
started,bundle,org.eclipse.emf.ecore,2.6.1.v20100914-1218,"org.eclipse.emf.ecore",1301251638868
started,bundle,org.eclipse.emf.ecore.xmi,2.5.0.v20100521-1846,"org.eclipse.emf.ecore.xmi",1301251638869
started,bundle,org.eclipse.emf.edit,2.6.0.v20100914-1218,"org.eclipse.emf.edit",1301251638869
started,bundle,org.eclipse.emf.edit.ui,2.6.0.v20100914-1218,"org.eclipse.emf.edit.ui",1301251638869
started,bundle,org.eclipse.equinox.app,1.3.1.R36x_v20100803,"org.eclipse.equinox.app",1301251638869
started,bundle,org.eclipse.equinox.common,3.6.0.v20100503,"org.eclipse.equinox.common",1301251638870
started,bundle,org.eclipse.equinox.ds,1.2.1.R36x_v20100803,"org.eclipse.equinox.ds",1301251638870
started,bundle,org.eclipse.equinox.event,1.2.0.v20100503,"org.eclipse.equinox.event",1301251638870
started,bundle,org.eclipse.equinox.p2.core,2.0.2.R36x_v20100804,"org.eclipse.equinox.p2.core",1301251638871
started,bundle,org.eclipse.equinox.p2.directorywatcher,1.0.202.R36x_v20100727,"org.eclipse.equinox.p2.directorywatcher",1301251638871
started,bundle,org.eclipse.equinox.p2.engine,2.0.0.v20100606,"org.eclipse.equinox.p2.engine",1301251638872
started,bundle,org.eclipse.equinox.p2.metadata,2.0.0.v20100601,"org.eclipse.equinox.p2.metadata",1301251638872
started,bundle,org.eclipse.equinox.p2.metadata.repository,1.1.0.v20100513,"org.eclipse.equinox.p2.metadata.repository",1301251638873
started,bundle,org.eclipse.equinox.p2.operations,2.0.0.v20100510,"org.eclipse.equinox.p2.operations",1301251638873
started,bundle,org.eclipse.equinox.p2.reconciler.dropins,1.1.0.v20100525,"org.eclipse.equinox.p2.reconciler.dropins",1301251638874
started,bundle,org.eclipse.equinox.p2.repository,2.0.1.R36x_v20100823,"org.eclipse.equinox.p2.repository",1301251638874
started,bundle,org.eclipse.equinox.p2.ui.sdk.scheduler,1.0.0.v20100507-1815,"org.eclipse.equinox.p2.ui.sdk.scheduler",1301251638875
started,bundle,org.eclipse.equinox.p2.updatechecker,1.1.101.R36x_v20100823,"org.eclipse.equinox.p2.updatechecker",1301251638875
started,bundle,org.eclipse.equinox.preferences,3.3.0.v20100503,"org.eclipse.equinox.preferences",1301251638875
started,bundle,org.eclipse.equinox.registry,3.5.0.v20100503,"org.eclipse.equinox.registry",1301251638876
started,bundle,org.eclipse.equinox.security,1.0.200.v20100503,"org.eclipse.equinox.security",1301251638876
started,bundle,org.eclipse.equinox.util,1.0.200.v20100503,"org.eclipse.equinox.util",1301251638877
started,bundle,org.eclipse.help,3.5.0.v20100524,"org.eclipse.help",1301251638877
started,bundle,org.eclipse.jdt.core,3.6.1.v_A68_R36x,"org.eclipse.jdt.core",1301251638878
started,bundle,org.eclipse.jdt.core.manipulation,1.3.0.v20100520-0800,"org.eclipse.jdt.core.manipulation",1301251638878
started,bundle,org.eclipse.jdt.ui,3.6.1.r361_v20100825-0800,"org.eclipse.jdt.ui",1301251638881
started,bundle,org.eclipse.jface,3.6.1.M20100825-0800,"org.eclipse.jface",1301251638882
started,bundle,org.eclipse.jsch.core,1.1.200.I20100505-1245,"org.eclipse.jsch.core",1301251638883
started,bundle,org.eclipse.jst.common.project.facet.core,1.4.102.v201008182136,"org.eclipse.jst.common.project.facet.core",1301251638883
started,bundle,org.eclipse.jst.j2ee.webservice,1.1.400.v201004110600,"org.eclipse.jst.j2ee.webservice",1301251638888
started,bundle,org.eclipse.jst.j2ee.webservice.ui,1.1.400.v201004110600,"org.eclipse.jst.j2ee.webservice.ui",1301251638889
started,bundle,org.eclipse.jst.server.core,1.2.101.v20100421,"org.eclipse.jst.server.core",1301251638889
started,bundle,org.eclipse.jst.ws.jaxws.utils,1.0.0.v201004171919,"org.eclipse.jst.ws.jaxws.utils",1301251638889
started,bundle,org.eclipse.mylyn.bugzilla.core,3.4.2.v20100902-0100-e3x,"org.eclipse.mylyn.bugzilla.core",1301251638890
started,bundle,org.eclipse.mylyn.bugzilla.ui,3.4.2.v20100909-0100-e3x,"org.eclipse.mylyn.bugzilla.ui",1301251638890
started,bundle,org.eclipse.mylyn.commons.net,3.4.1.v20100625-2100-e3x,"org.eclipse.mylyn.commons.net",1301251638890
started,bundle,org.eclipse.mylyn.commons.ui,3.4.0.v20100608-0100-e3x,"org.eclipse.mylyn.commons.ui",1301251638891
started,bundle,org.eclipse.mylyn.context.core,3.4.1.v20100909-0100-e3x,"org.eclipse.mylyn.context.core",1301251638891
started,bundle,org.eclipse.mylyn.context.ui,3.4.1.v20100909-0100-e3x,"org.eclipse.mylyn.context.ui",1301251638892
started,bundle,org.eclipse.mylyn.monitor.ui,3.4.0.v20100608-0100-e3x,"org.eclipse.mylyn.monitor.ui",1301251638892
started,bundle,org.eclipse.mylyn.tasks.ui,3.4.2.v20100902-0100-e3x,"org.eclipse.mylyn.tasks.ui",1301251638893
started,bundle,org.eclipse.mylyn.team.ui,3.4.2.v20100909-0100-e3x,"org.eclipse.mylyn.team.ui",1301251638894
started,bundle,org.eclipse.team.core,3.5.100.R36x_v20100825-0800,"org.eclipse.team.core",1301251638894
started,bundle,org.eclipse.team.cvs.core,3.3.300.I20100526-0800,"org.eclipse.team.cvs.core",1301251638895
started,bundle,org.eclipse.team.cvs.ui,3.3.301.R36x_v20100825-0800,"org.eclipse.team.cvs.ui",1301251638896
started,bundle,org.eclipse.team.ui,3.5.101.R36x_v20100825-0800,"org.eclipse.team.ui",1301251638896
started,bundle,org.eclipse.ui,3.6.1.M20100826-1330,"org.eclipse.ui",1301251638897
started,bundle,org.eclipse.ui.console,3.5.0.v20100526,"org.eclipse.ui.console",1301251638898
started,bundle,org.eclipse.ui.editors,3.6.1.r361_v20100825-0800,"org.eclipse.ui.editors",1301251638899
started,bundle,org.eclipse.ui.forms,3.5.2.r36_v20100702,"org.eclipse.ui.forms",1301251638899
started,bundle,org.eclipse.ui.ide,3.6.1.M20100825-0800,"org.eclipse.ui.ide",1301251638900
started,bundle,org.eclipse.ui.intro,3.4.0.v20100427,"org.eclipse.ui.intro",1301251638905
started,bundle,org.eclipse.ui.intro.universal,3.2.402.r36_v20100702,"org.eclipse.ui.intro.universal",1301251638905
started,bundle,org.eclipse.ui.navigator,3.5.0.I20100601-0800,"org.eclipse.ui.navigator",1301251638906
started,bundle,org.eclipse.ui.navigator.resources,3.4.201.M20100707-0800,"org.eclipse.ui.navigator.resources",1301251638911
started,bundle,org.eclipse.ui.net,1.2.100.I20100505-1245,"org.eclipse.ui.net",1301251638912
started,bundle,org.eclipse.ui.views,3.5.0.I20100527-0800,"org.eclipse.ui.views",1301251638913
started,bundle,org.eclipse.ui.workbench,3.6.1.M20100826-1330,"org.eclipse.ui.workbench",1301251638914
started,bundle,org.eclipse.ui.workbench.texteditor,3.6.1.r361_v20100714-0800,"org.eclipse.ui.workbench.texteditor",1301251638915
started,bundle,org.eclipse.update.configurator,3.3.100.v20100512,"org.eclipse.update.configurator",1301251638916
started,bundle,org.eclipse.update.core,3.2.402.R36x_v20100629,"org.eclipse.update.core",1301251638917
started,bundle,org.eclipse.update.scheduler,3.2.300.v20100512,"org.eclipse.update.scheduler",1301251638918
started,bundle,org.eclipse.update.ui,3.2.300.v20100512,"org.eclipse.update.ui",1301251638919
started,bundle,org.eclipse.wst.common.frameworks,1.2.0.v201003040800,"org.eclipse.wst.common.frameworks",1301251638920
started,bundle,org.eclipse.wst.common.project.facet.core,1.4.102.v201008170019,"org.eclipse.wst.common.project.facet.core",1301251638920
started,bundle,org.jboss.ide.eclipse.as.core,2.2.0.v20101016-0359-H111-Beta1,"org.jboss.ide.eclipse.as.core",1301251638921
started,bundle,org.jboss.ide.eclipse.as.ui,2.2.0.v20101016-0359-H111-Beta1,"org.jboss.ide.eclipse.as.ui",1301251638921
started,bundle,org.jboss.tools.common,3.2.0.v20101016-0359-H111-Beta1,"org.jboss.tools.common",1301251638921
started,bundle,org.jboss.tools.common.model,3.2.0.v20101016-0359-H111-Beta1,"org.jboss.tools.common.model",1301251638922
started,bundle,org.jboss.tools.common.projecttemplates,3.2.0.v20101016-0359-H111-Beta1,"org.jboss.tools.common.projecttemplates",1301251638923
started,bundle,org.jboss.tools.common.text.ext,3.2.0.v20101016-0359-H111-Beta1,"org.jboss.tools.common.text.ext",1301251638923
started,bundle,org.jboss.tools.common.verification.ui,3.1.0.v20101016-0359-H111-Beta1,"org.jboss.tools.common.verification.ui",1301251638924
started,bundle,org.jboss.tools.jbpm.common,4.4.0.v20101016-0359-H111-Beta1,"org.jboss.tools.jbpm.common",1301251638924
started,bundle,org.jboss.tools.jmx.core,1.2.0.v20101016-0359-H111-Beta1,"org.jboss.tools.jmx.core",1301251638925
started,bundle,org.jboss.tools.jsf.ui,3.2.0.v20101016-0359-H111-Beta1,"org.jboss.tools.jsf.ui",1301251638936
started,bundle,org.jboss.tools.jst.jsp,3.2.0.v20101016-0359-H111-Beta1,"org.jboss.tools.jst.jsp",1301251638936
started,bundle,org.jboss.tools.jst.web,3.2.0.v20101016-0359-H111-Beta1,"org.jboss.tools.jst.web",1301251638937
started,bundle,org.jboss.tools.jst.web.ui,3.2.0.v20101016-0359-H111-Beta1,"org.jboss.tools.jst.web.ui",1301251638938
started,bundle,org.jboss.tools.seam.core,3.2.0.v20101016-0359-H111-Beta1,"org.jboss.tools.seam.core",1301251638938
started,bundle,org.jboss.tools.seam.ui,3.2.0.v20101016-0359-H111-Beta1,"org.jboss.tools.seam.ui",1301251638939
started,bundle,org.jboss.tools.usage,1.0.0.v20101016-0359-H111-Beta1,"org.jboss.tools.usage",1301251638939
started,bundle,org.jbpm.gd.jpdl,3.3.0.v20101016-0359-H111-Beta1,"org.jbpm.gd.jpdl",1301251638940
started,bundle,com.google.gdt.eclipse.designer,2.2.0.r36x201102111505,"com.google.gdt.eclipse.designer",1301251638940
started,bundle,com.google.gdt.eclipse.designer.UiBinder,2.2.0.r36x201102111505,"com.google.gdt.eclipse.designer.UiBinder",1301251638941
started,bundle,org.eclipse.wb.core,0.9.0.r36x201102111430,"org.eclipse.wb.core",1301251638943
started,bundle,org.eclipse.wb.core.lib,0.9.0.r36x201102111430,"org.eclipse.wb.core.lib",1301251638943
started,bundle,org.eclipse.wb.core.xml,0.9.0.r36x201102111443,"org.eclipse.wb.core.xml",1301251638944
started,bundle,org.eclipse.wb.os.linux,0.9.0.r36x201102111430,"org.eclipse.wb.os.linux",1301251638944
started,bundle,com.google.gdt.eclipse.designer.GXT,2.2.0.r36x201102111155,"com.google.gdt.eclipse.designer.GXT",1301251638945
started,bundle,com.google.gdt.eclipse.designer.SmartGWT,2.2.0.r36x201102111155,"com.google.gdt.eclipse.designer.SmartGWT",1301251638946
started,bundle,com.google.gdt.eclipse.designer.usageprofiler,2.2.0.r36x201102111155,"com.google.gdt.eclipse.designer.usageprofiler",1301251638946
started,bundle,com.google.gdt.eclipse.designer.usageprofiler.ui,2.2.0.r36x201102111155,"com.google.gdt.eclipse.designer.usageprofiler.ui",1301251638947
started,bundle,com.vaadin.integration.eclipse,1.3.1.201012171040,"com.vaadin.integration.eclipse",1301251638947
started,bundle,org.eclipse.jem.util,2.1.3.v201012070000,"org.eclipse.jem.util",1301251638947
started,bundle,org.eclipse.jst.j2ee.ui,1.1.404.v201101122300,"org.eclipse.jst.j2ee.ui",1301251638960
started,bundle,org.eclipse.jst.ws.jaxrs.core,1.0.201.v201011231540,"org.eclipse.jst.ws.jaxrs.core",1301251638961
started,bundle,org.eclipse.wst.common.emf,1.2.3.v201012100400,"org.eclipse.wst.common.emf",1301251638962
started,bundle,org.eclipse.wst.common.emfworkbench.integration,1.2.3.v201012020600,"org.eclipse.wst.common.emfworkbench.integration",1301251638962
started,bundle,org.eclipse.wst.server.core,1.1.206.v20110110,"org.eclipse.wst.server.core",1301251638963
started,bundle,org.eclipse.wst.server.ui,1.1.207.v20110119,"org.eclipse.wst.server.ui",1301251638963
started,bundle,org.eclipse.wst.web,1.1.402.v201012160000,"org.eclipse.wst.web",1301251638964
started,bundle,com.aptana.ide.core,2.0.5.1278523018,"com.aptana.ide.core",1301251638964
started,bundle,com.aptana.ide.core.io,2.0.5.1278614541,"com.aptana.ide.core.io",1301251638964
started,bundle,com.aptana.ide.core.ui,2.0.5.1278523018,"com.aptana.ide.core.ui",1301251638964
started,bundle,com.aptana.ide.debug.core,2.0.0.1278523018,"com.aptana.ide.debug.core",1301251638965
started,bundle,com.aptana.ide.debug.ui,2.0.0.1254164293,"com.aptana.ide.debug.ui",1301251638965
started,bundle,com.aptana.ide.desktop.integration.protocolhandler,2.0.0.1278523018,"com.aptana.ide.desktop.integration.protocolhandler",1301251638965
started,bundle,com.aptana.ide.desktop.integration.server,2.0.0.1278523018,"com.aptana.ide.desktop.integration.server",1301251638966
started,bundle,com.aptana.ide.documentation,2.0.0.1278523018,"com.aptana.ide.documentation",1301251638967
started,bundle,com.aptana.ide.editors,2.0.5.1278523018,"com.aptana.ide.editors",1301251638967
started,bundle,com.aptana.ide.epl,2.0.0.1278523018,"com.aptana.ide.epl",1301251638967
started,bundle,com.aptana.ide.installer,2.0.5.1278523018,"com.aptana.ide.installer",1301251638968
started,bundle,com.aptana.ide.intro,2.0.0.1278523018,"com.aptana.ide.intro",1301251638968
started,bundle,com.aptana.ide.samples.ui,2.0.0.1278614541,"com.aptana.ide.samples.ui",1301251638968
started,bundle,com.aptana.ide.scripting,2.0.0.1278523018,"com.aptana.ide.scripting",1301251638969
started,bundle,com.aptana.ide.server,2.0.0.1278523018,"com.aptana.ide.server",1301251638969
started,bundle,com.aptana.ide.server.jetty,2.0.0.1278523018,"com.aptana.ide.server.jetty",1301251638970
started,bundle,com.aptana.ide.server.portal,2.0.0.1278523018,"com.aptana.ide.server.portal",1301251638970
started,bundle,com.aptana.ide.syncing.core,2.0.5.1278614541,"com.aptana.ide.syncing.core",1301251638971
started,bundle,com.aptana.ide.syncing.ui,2.0.5.1278614541,"com.aptana.ide.syncing.ui",1301251638971
started,bundle,com.aptana.ide.update,2.0.5.1278523018,"com.aptana.ide.update",1301251638971
started,bundle,com.aptana.ide.update.eclipse34,2.0.5.1278614541,"com.aptana.ide.update.eclipse34",1301251638972
started,bundle,com.aptana.ide.update.eclipse35,2.0.5.1278614541,"com.aptana.ide.update.eclipse35",1301251638972
started,bundle,com.aptana.ide.update.eclipse36,1.0.0.1278614541,"com.aptana.ide.update.eclipse36",1301251638972
started,bundle,com.aptana.ide.update.portal,2.0.0.1278614541,"com.aptana.ide.update.portal",1301251638973
started,bundle,com.aptana.ide.update.ui,2.0.0.1278614541,"com.aptana.ide.update.ui",1301251638973
started,bundle,org.eclipse.eclipsemonkey,2.0.5.1278445773,"org.eclipse.eclipsemonkey",1301251638973
started,bundle,org.eclipse.eclipsemonkey.doms,2.0.0.1277749615,"org.eclipse.eclipsemonkey.doms",1301251638974
started,bundle,org.eclipse.eclipsemonkey.lang.javascript,2.0.0.1277749615,"org.eclipse.eclipsemonkey.lang.javascript",1301251638974
started,bundle,org.eclipse.epp.usagedata.gathering,1.3.1.R201102081640,"org.eclipse.epp.usagedata.gathering",1301251638974
started,bundle,org.eclipse.epp.usagedata.recording,1.3.1.R201102081640,"org.eclipse.epp.usagedata.recording",1301251638975
os,sysinfo,,,"linux",1301251638977
arch,sysinfo,,,"x86",1301251638977
ws,sysinfo,,,"gtk",1301251638977
locale,sysinfo,,,"en_US",1301251638977
processors,sysinfo,,,"4",1301251638978
java.runtime.name,sysinfo,,,"Java(TM) SE Runtime Environment",1301251638978
java.runtime.version,sysinfo,,,"1.6.0_21-b06",1301251638978
java.specification.name,sysinfo,,,"Java Platform API Specification",1301251638978
java.specification.vendor,sysinfo,,,"Sun Microsystems Inc.",1301251638978
java.specification.version,sysinfo,,,"1.6",1301251638978
java.vendor,sysinfo,,,"Sun Microsystems Inc.",1301251638978
java.version,sysinfo,,,"1.6.0_21",1301251638978
java.vm.info,sysinfo,,,"mixed mode",1301251638978
java.vm.name,sysinfo,,,"Java HotSpot(TM) Client VM",1301251638978
java.vm.specification.name,sysinfo,,,"Java Virtual Machine Specification",1301251638978
java.vm.specification.vendor,sysinfo,,,"Sun Microsystems Inc.",1301251638978
java.vm.specification.version,sysinfo,,,"1.0",1301251638978
java.vm.vendor,sysinfo,,,"Sun Microsystems Inc.",1301251638978
java.vm.version,sysinfo,,,"17.0-b16",1301251638978
started,bundle,com.aptana.ide.server.core,2.0.0.1278523018,"com.aptana.ide.server.core",1301251639076
deactivated,workbench,org.eclipse.ui.workbench,3.6.1.M20100826-1330,"",1301251644696
closed,workbench,org.eclipse.ui.workbench,3.6.1.M20100826-1330,"",1301251649552
started,bundle,com.aptana.ide.core.epl,2.0.0.1278614541,"com.aptana.ide.core.epl",1301251649841
started,bundle,org.eclipse.compare,3.5.100.I20100526-0800,"org.eclipse.compare",1301251650036
started,bundle,org.eclipse.wst.sse.core,1.1.504.v201102160550,"org.eclipse.wst.sse.core",1301251650116
started,bundle,org.eclipse.wst.sse.ui,1.2.3.v201102102045,"org.eclipse.wst.sse.ui",1301251650119
started,bundle,org.eclipse.ltk.core.refactoring,3.5.100.v20100526-0800,"org.eclipse.ltk.core.refactoring",1301251650136
started,bundle,org.eclipse.ltk.ui.refactoring,3.5.0.v20100526-0800,"org.eclipse.ltk.ui.refactoring",1301251650137
stopped,bundle,org.eclipse.datatools.enablement.hsqldb.ui,1.0.0.v200906020900,"org.eclipse.datatools.enablement.hsqldb.ui",1301251650968
stopped,bundle,org.eclipse.datatools.enablement.ingres.ui,1.0.0.v201006242214,"org.eclipse.datatools.enablement.ingres.ui",1301251650968
stopped,bundle,org.eclipse.datatools.enablement.postgresql.ui,1.0.0.v200906020900,"org.eclipse.datatools.enablement.postgresql.ui",1301251650969
stopped,bundle,org.eclipse.datatools.enablement.sqlite.ui,1.0.0.v200906020900,"org.eclipse.datatools.enablement.sqlite.ui",1301251650970
stopped,bundle,org.eclipse.jpt.eclipselink.ui,1.3.0.v201004280001,"org.eclipse.jpt.eclipselink.ui",1301251650971
stopped,bundle,org.eclipse.jpt.jaxb.ui,1.0.1.v201006300000,"org.eclipse.jpt.jaxb.ui",1301251650972
stopped,bundle,org.jboss.tools.hibernate.jpt.ui,3.4.0.v20110215-1252-H31-GA,"org.jboss.tools.hibernate.jpt.ui",1301251650972
stopped,bundle,org.eclipse.jpt.ui,2.3.2.v201008252310,"org.eclipse.jpt.ui",1301251650973
stopped,bundle,org.jboss.tools.seam.ui,3.2.0.v20101016-0359-H111-Beta1,"org.jboss.tools.seam.ui",1301251650975
stopped,bundle,org.eclipse.datatools.connectivity.db.generic.ui,1.0.1.v201004070709,"org.eclipse.datatools.connectivity.db.generic.ui",1301251650976
stopped,bundle,org.eclipse.datatools.connectivity.apache.derby.ui,1.0.3.v201007080903,"org.eclipse.datatools.connectivity.apache.derby.ui",1301251650977
stopped,bundle,org.eclipse.datatools.enablement.sybase.asa.schemaobjecteditor.examples,2.5.0.200810071,"org.eclipse.datatools.enablement.sybase.asa.schemaobjecteditor.examples",1301251650978
stopped,bundle,org.eclipse.datatools.enablement.sybase.asa.ui,1.0.1.v200906111150,"org.eclipse.datatools.enablement.sybase.asa.ui",1301251650982
stopped,bundle,org.eclipse.datatools.enablement.sybase.ase.ui,1.0.1.v200906020900,"org.eclipse.datatools.enablement.sybase.ase.ui",1301251650982
stopped,bundle,org.eclipse.datatools.enablement.sybase.ui,1.0.0.v200906090458,"org.eclipse.datatools.enablement.sybase.ui",1301251650983
stopped,bundle,org.eclipse.datatools.sqltools.data.ui,1.2.0.v201005250945,"org.eclipse.datatools.sqltools.data.ui",1301251650983
stopped,bundle,org.eclipse.datatools.sqltools.ddlgen.ui,1.0.1.v201002270530,"org.eclipse.datatools.sqltools.ddlgen.ui",1301251650983
stopped,bundle,org.eclipse.datatools.sqltools.db.derby.ui,1.0.0.v200906020900,"org.eclipse.datatools.sqltools.db.derby.ui",1301251650984
stopped,bundle,org.eclipse.datatools.sqltools.db.generic.ui,1.0.0.v200906020900,"org.eclipse.datatools.sqltools.db.generic.ui",1301251650984
stopped,bundle,org.eclipse.datatools.sqltools.debugger.core.ui,1.0.0.v201003161000,"org.eclipse.datatools.sqltools.debugger.core.ui",1301251650985
stopped,bundle,org.eclipse.datatools.sqltools.routineeditor.ui,1.0.1.v201004060545,"org.eclipse.datatools.sqltools.routineeditor.ui",1301251650985
stopped,bundle,org.eclipse.datatools.sqltools.sqlbuilder,1.0.3.v201009131745,"org.eclipse.datatools.sqltools.sqlbuilder",1301251650986
stopped,bundle,org.eclipse.datatools.sqltools.sqlscrapbook,1.0.1.v201005250945,"org.eclipse.datatools.sqltools.sqlscrapbook",1301251650986
stopped,bundle,org.eclipse.datatools.sqltools.debugger.core,1.0.1.v201005250945,"org.eclipse.datatools.sqltools.debugger.core",1301251650987
stopped,bundle,org.eclipse.datatools.sqltools.schemaobjecteditor.ui.pages,1.1.0.200810071,"org.eclipse.datatools.sqltools.schemaobjecteditor.ui.pages",1301251650987
stopped,bundle,org.eclipse.datatools.sqltools.schemaobjecteditor.ui,1.1.1.200810071,"org.eclipse.datatools.sqltools.schemaobjecteditor.ui",1301251650988
stopped,bundle,org.eclipse.datatools.sqltools.sqleditor,1.0.2.v201009230800,"org.eclipse.datatools.sqltools.sqleditor",1301251650988
stopped,bundle,org.eclipse.datatools.sqltools.editor.core.ui,1.0.0.v201001150815,"org.eclipse.datatools.sqltools.editor.core.ui",1301251650989
stopped,bundle,org.eclipse.datatools.sqltools.tabledataeditor,1.0.1.v201005250945,"org.eclipse.datatools.sqltools.tabledataeditor",1301251650989
stopped,bundle,org.eclipse.datatools.connectivity.sqm.server.ui,1.1.100.v201009280455,"org.eclipse.datatools.connectivity.sqm.server.ui",1301251650990
stopped,bundle,org.eclipse.datatools.connectivity.sqm.core.ui,1.2.0.v201002281800,"org.eclipse.datatools.connectivity.sqm.core.ui",1301251650991
stopped,bundle,org.eclipse.jst.j2ee.ejb.annotations.ui,1.1.200.v201004290730,"org.eclipse.jst.j2ee.ejb.annotations.ui",1301251650991
stopped,bundle,org.jboss.tools.seam.text.ext,3.2.0.v20101016-0359-H111-Beta1,"org.jboss.tools.seam.text.ext",1301251650992
stopped,bundle,org.jboss.tools.seam.core,3.2.0.v20101016-0359-H111-Beta1,"org.jboss.tools.seam.core",1301251651035
stopped,bundle,org.eclipse.datatools.connectivity.ui.dse,1.1.4.v201004270430,"org.eclipse.datatools.connectivity.ui.dse",1301251651036
stopped,bundle,oracle.eclipse.tools.weblogic.legacy,3.1.0.201007221419,"oracle.eclipse.tools.weblogic.legacy",1301251651037
stopped,bundle,oracle.eclipse.tools.weblogic.ui,3.1.0.201007221419,"oracle.eclipse.tools.weblogic.ui",1301251651037
stopped,bundle,oracle.eclipse.tools.webservices.ui,3.1.0.201007221419,"oracle.eclipse.tools.webservices.ui",1301251651038
stopped,bundle,oracle.eclipse.tools.webservices,3.1.0.201007221419,"oracle.eclipse.tools.webservices",1301251651039
stopped,bundle,oracle.eclipse.tools.weblogic,3.1.0.201007221419,"oracle.eclipse.tools.weblogic",1301251651039
stopped,bundle,org.eclipse.jst.j2ee.xdoclet.runtime,1.1.300.v201004280700,"org.eclipse.jst.j2ee.xdoclet.runtime",1301251651040
stopped,bundle,org.eclipse.jst.j2ee.ejb.annotations.xdoclet,1.2.100.v201003112036,"org.eclipse.jst.j2ee.ejb.annotations.xdoclet",1301251651041
stopped,bundle,org.jboss.ide.eclipse.as.ui.mbeans,2.1.0.v20101016-0359-H111-Beta1,"org.jboss.ide.eclipse.as.ui.mbeans",1301251651041
stopped,bundle,org.jboss.ide.eclipse.as.rse.ui,0.9.0.v20101016-0359-H111-Beta1,"org.jboss.ide.eclipse.as.rse.ui",1301251651041
stopped,bundle,org.jboss.ide.eclipse.as.rse.core,0.9.0.v20101016-0359-H111-Beta1,"org.jboss.ide.eclipse.as.rse.core",1301251651042
stopped,bundle,org.jboss.ide.eclipse.as.ssh,2.2.0.v20101016-0359-H111-Beta1,"org.jboss.ide.eclipse.as.ssh",1301251651042
stopped,bundle,org.jboss.ide.eclipse.archives.webtools,2.2.0.v20101016-0359-H111-Beta1,"org.jboss.ide.eclipse.archives.webtools",1301251651043
stopped,bundle,org.jboss.ide.eclipse.as.wtp.ui,2.2.0.v20101016-0359-H111-Beta1,"org.jboss.ide.eclipse.as.wtp.ui",1301251651043
stopped,bundle,org.hibernate.eclipse.jdt.apt.ui,3.4.0.v20110215-1252-H31-GA,"org.hibernate.eclipse.jdt.apt.ui",1301251651043
stopped,bundle,org.hibernate.eclipse.jdt.ui,3.4.0.v20110215-1252-H31-GA,"org.hibernate.eclipse.jdt.ui",1301251651044
stopped,bundle,org.hibernate.eclipse.mapper,3.4.0.v20110215-1252-H31-GA,"org.hibernate.eclipse.mapper",1301251651044
stopped,bundle,org.jboss.tools.hibernate.jpt.core,3.4.0.v20110215-1252-H31-GA,"org.jboss.tools.hibernate.jpt.core",1301251651045
stopped,bundle,org.jboss.tools.hibernate.ui,3.4.0.v20110215-1252-H31-GA,"org.jboss.tools.hibernate.ui",1301251651045
stopped,bundle,org.hibernate.eclipse.console,3.4.0.v20110215-1252-H31-GA,"org.hibernate.eclipse.console",1301251651045
stopped,bundle,org.eclipse.jst.jsf.apache.trinidad.tagsupport,1.1.101.v20100906,"org.eclipse.jst.jsf.apache.trinidad.tagsupport",1301251651046
stopped,bundle,org.eclipse.jst.jsf.facesconfig.ui,1.2.0.v20100421,"org.eclipse.jst.jsf.facesconfig.ui",1301251651046
stopped,bundle,org.eclipse.jst.jsf.facelet.ui,1.0.0.v20100602,"org.eclipse.jst.jsf.facelet.ui",1301251651159
stopped,bundle,org.eclipse.jst.jsf.ui,1.3.1.v20100906,"org.eclipse.jst.jsf.ui",1301251651172
stopped,bundle,org.eclipse.jst.pagedesigner.jsf.ui,1.2.0.v20100414,"org.eclipse.jst.pagedesigner.jsf.ui",1301251651185
stopped,bundle,org.eclipse.jst.pagedesigner,1.3.1.v20100906-p002,"org.eclipse.jst.pagedesigner",1301251651200
stopped,bundle,org.eclipse.jst.jsf.common.ui,1.2.0.v20100329,"org.eclipse.jst.jsf.common.ui",1301251651218
stopped,bundle,org.eclipse.pde.ua.ui,1.0.100.v20100504,"org.eclipse.pde.ua.ui",1301251651230
stopped,bundle,com.vaadin.integration.eclipse,1.3.1.201012171040,"com.vaadin.integration.eclipse",1301251651230
stopped,bundle,org.eclipse.datatools.connectivity.oda.template.ui,3.2.1.v201004090942,"org.eclipse.datatools.connectivity.oda.template.ui",1301251651243
